instance,family,part_kinds,part_instances,total_area,strip_height,sheet_length,nested,total_instances,lcns_rho_pct,lcns_length,seconds,seed,published_best_rho_pct,previous_best_rho_pct,previous_by,literature_implied_length,max_part_extent
ALBANO,ALBANO,8,24,42656785.000,4900.000,25253.0,24,24,42.0220,20716.454,29.424,0,89.82,89.58,E,9692.1,3034.0
SHAPES2,BLAZ,7,28,324.000,15.000,60.0,28,28,37.3059,57.900,30.024,0,86.23,84.84,E,25.0,5.0
DAGLI,DAGLI,10,30,3034.500,60.000,165.0,30,30,34.4048,147.000,30.101,0,90.17,89.51,E,56.1,33.0
FU,FU,12,12,1083.000,38.000,88.0,12,12,33.7145,84.533,0.432,0,92.41,92.41,E,30.8,14.0
JAKOBS1,JAKOBS,25,25,392.000,40.000,34.0,25,25,30.3093,32.333,16.105,0,89.26,89.09,L/E/W/S,11.0,8.0
JAKOBS2,JAKOBS,25,25,1351.000,70.000,67.0,25,25,30.0000,64.333,10.720,0,87.73,87.73,E/S,22.0,16.0
MAO,MAO,9,20,3758617.000,2550.000,4947.0,20,20,33.1666,4444.133,31.049,0,86.87,86.05,S,1696.8,1097.0
MARQUES,MARQUES,8,24,7194.000,104.000,218.0,24,24,42.5506,162.567,21.771,0,92.02,91.02,S,75.2,39.0
SHAPES0,SHAPES,4,43,1596.000,40.000,116.0,43,43,37.2317,107.167,30.260,0,69.98,68.79,E/W/S,57.0,14.0
SHAPES1,SHAPES,4,43,1596.000,40.000,116.0,43,43,37.2317,107.167,30.241,0,76.73,76.73,E/S,52.0,14.0
SHIRTS,SHIRTS,8,99,2160.000,40.000,150.0,92,99,38.7500,138.000,30.426,0,90.92,88.96,E/W,59.4,13.0
SWIM,SWIM,10,48,25445023.791,5752.000,13290.0,48,48,33.2906,13288.069,51.830,0,79.83,75.94,E,5541.4,1939.6
TROUSERS,TROUSERS,17,64,17206.500,79.000,613.0,64,64,38.4926,565.833,30.918,0,92.62,91.06,S,235.2,59.0
